comment_id,reviewer_text,request_type,mida_element_affected,severity,status,planned_action,evidence_needed,file_or_section,owner,done_evidence,response_summary,author_position_status,confidentiality_status,open_question
R1.1,35/44 countries always-treated; only 9 late entrants provide DID identification,identification,data_strategy,high,accept,将连续 log_total_rmax 设为主设定，二元 DID 降为附录诊断；重写实证设计段落,DID diagnostics report 截图；修订后的设计段落；事件研究图附录 A2,正文第 3 节、附录 A,agent,reports/did_diagnostics_report.html（已存在）；事件研究图已在附录,连续处理变量始终是主设定；二元 DID 保留在附录并标注'诊断性/探索性'，不声称因果,author_decided,redacted,
R1.2,pwt_tfp_lag1 is post-treatment; controlling it biases the coefficient of interest,model,model,high,accept,移除 pwt_tfp_lag1 从主设定，报告含/不含 TFP 的系数稳定性列,重新估计的主模型输出；系数稳定性表,表1 含/不含 TFP 列,agent,等待重新运行 run_analysis.R,TFP 作为索洛剩余确实可能构成坏控制；移除主设定并报告稳定性的两列表,author_decided,redacted,
R1.3,44 clusters below threshold; cluster-robust SE may be downward-biased,inference,answer_strategy,high,accept,对主系数运行 wild cluster bootstrap 并报告 bootstrap p 值,wild bootstrap 输出；bootstrap p 值表格,表1 注释、附录 B,agent,等待运行 wild bootstrap 代码,运行 wild cluster bootstrap（fwildclusterboot 包）并报告 p 值,author_decided,redacted,
R1.4,pwt_import_share is negative (PWT csh_m convention); coefficient sign hard to interpret,data,data_strategy,medium,accept,在回归中使用 pwt_import_share_lag1_abs；添加脚注说明 PWT csh_m 编码惯例,脚注文本；重新估计的表1,表1 注释,agent,等待重新运行 run_analysis.R,使用已构建的绝对值版本并加注释说明 PWT 负值编码,author_decided,redacted,
R1.5,"35% sample loss from 1,665 to 1,080; no missingness diagnostics reported",data,data_strategy,medium,accept,添加缺失诊断步骤：报告各变量缺失 N、比较保留/剔除样本均值,缺失诊断输出；样本比较表,正文第 3 节或附录 C,agent,等待更新 run_analysis.R,添加 missdiagnose 步骤并报告；如保留/剔除无系统差异则一句话说明,author_decided,redacted,
R1.6,"Missing recent literature: Autor & Salomons 2024, Brynjolfsson et al. 2025",literature,inquiry,high,accept,检索并阅读所指文献；更新文献综述段落并与本文发现对话,literature_matrix.csv 新增行；修订的引言/文献段落,正文第 1-2 节,agent,等待更新 literature_matrix.csv 和手稿,追加两篇关键文献的定位并讨论本文贡献的增量,author_decided,redacted,
R1.7,Only PWT growth used; suggest Maddison growth robustness check,robustness,answer_strategy,medium,accept,报告 Maddison 增长率作为替代因变量的回归结果,替代因变量回归表,表 A3（附录）,agent,等待重新运行 run_analysis.R 含 maddison_growth_annual 模型,使用已有的 maddison_growth_annual 作为稳健性检验,author_decided,redacted,
R2.1,pwt_human_capital_index too indirect as new-task creation proxy,measurement,model,high,needs_author,作者决定：寻找更直接代理 OR 将渠道分解降级为异质性分析,作者决策；如找新代理则需要数据 pipeline 更新,正文第 4 节,author,,代理确实间接；两类方案（升级代理 vs 降级措辞）各有利弊，等待作者选择,needs_author,redacted,是否寻找 ICT 服务出口等更直接代理？还是降级用语？
R2.2,141/185 zeros in TOP500: measurement zero or true zero? Cloud AI not captured,measurement,data_strategy,high,clarify,在测量部分添加明确的范围声明：本文测量的是前沿超算基础设施，非整体 AI 采纳,修订的量部分段落,正文第 2 节（数据/测量）,author,等待修改手稿,TOP500 确实只捕捉超算，不捕捉云 AI；加范围声明并讨论外推边界,author_decided,redacted,
R2.3,Interaction model lacks constitutive terms for industry/services shares,model,model,medium,accept,在交互模型中添加 wdi_industry_value_added_gdp 和 wdi_services_value_added_gdp 主效应,重新估计的表2,表2 新列,agent,等待重新运行 run_analysis.R,添加产业结构份额主效应并报告完整的交互模型,author_decided,redacted,
R2.4,"Table 1 missing cluster count, countries with identifying variation, DV mean",formatting,report,medium,accept,更新 modelsummary 笔记参数，确保报告聚类数、国别数、因变量均值,修订的表1,表1 注释,agent,等待更新 run_analysis.R notes 参数,补充 modelsummary 的 notes 和 gof 输出，满足期刊报告标准,author_decided,redacted,
R2.5,"Robustness: exclude OECD, extreme growth, 5yr window alternative DV",robustness,answer_strategy,medium,accept,运行三组稳健性检验并在附录中报告,三组稳健性回归输出,附录表格 A4-A6,agent,等待重新运行 run_analysis.R 含稳健性子程序,添加稳健性三个维度：排除 OECD、排除极端值、5 年窗口,author_decided,redacted,
R2.6,Missing set.seed() in R analysis script,formatting,redesign,low,accept,在 run_analysis.R 开头添加 set.seed(42),更新后的 run_analysis.R,scripts/run_analysis.R:1,agent,等待修改 run_analysis.R,添加 set.seed(42) 确保可复现性,author_decided,redacted,
