route_id,design_source,target_inquiry,paper_id,citation,authors,year,status,venue_or_series,doi,url,verification_level,research_question,setting_sample,treatment_or_exposure,outcomes,data_sources,identification_strategy,fixed_effects_controls,validation_checks,main_findings,claim_source_section,claim_source_locator,limitations,relevance_to_project,open_questions,verified_from,access_date,version_used,included_in_synthesis,ai4ss_model_path,model_id,concept_id,causal_id,bridge_id,ai4ss_check_status,evidence_table_path,compiled_ai4ss_path,evidence_compile_status,evidence_compile_command
R1,docs/research_starter_packet.md,AI算力扩张是否促进增长？自动化vs新任务渠道哪个主导？,acemoglu_2019_automation_new_tasks,"Acemoglu & Restrepo (2019), Automation and New Tasks: How Technology Displaces and Reinstates Labor","Acemoglu D, Restrepo P",2019,journal_article,Journal of Economic Perspectives,10.1257/jep.33.2.3,https://www.aeaweb.org/articles?id=10.1257/jep.33.2.3,verified_primary,How does automation displace labor and how can new tasks reinstate labor demand?,Theoretical framework; US labor market context,Task-based automation vs. new task creation,"Employment, labor share, productivity",N/A (theoretical),Task-based model (theoretical),N/A (theoretical model),N/A,Automation reduces labor share; new tasks can restore it. Long-run growth depends on the race between automation and new task creation.,abstract_only,JEP abstract and SSRN preprint,Theoretical model; limited direct empirical testing at time of publication,Core theoretical anchor: task-based model of automation displacement vs. new-task reinstatement. Foundation for our channel decomposition.,How to operationalize automation vs new-task channels in cross-country panel with compute as treatment?,"Crossref DOI: 10.1257/jep.33.2.3, AEA page",2026-07-04,Published version (JEP 33.2),needs_author,not_applicable:project_has_no_aiss,not_applicable:project_has_no_aiss,not_applicable:project_has_no_aiss,not_applicable:project_has_no_aiss,not_applicable:project_has_no_aiss,not_applicable,not_applicable:no_evidence_compile,not_applicable:no_evidence_compile,not_applicable,not_run_reason:no_evidence_table
R1,docs/research_starter_packet.md,AI算力扩张是否促进增长？自动化vs新任务渠道哪个主导？,acemoglu_2018_race_man_machine,"Acemoglu & Restrepo (2018), The Race between Man and Machine: Implications of Technology for Growth, Factor Shares, and Employment","Acemoglu D, Restrepo P",2018,journal_article,American Economic Review,10.1257/aer.20160696,https://www.aeaweb.org/articles?id=10.1257/aer.20160696,verified_primary,"What are the implications of automation technology for economic growth, factor shares, and employment?",Theoretical model + US industry data,Automation and new task technologies,"GDP growth, labor share, employment",US BEA and industry data,Task-based model with endogenous technology choice,N/A (calibrated model),Model calibration and robustness,Technology can reduce labor share and employment unless new tasks are created sufficiently fast. The race between automation and new tasks determines growth outcomes.,abstract_only,AER abstract and Crossref,Calibrated model; not direct cross-country empirical test,Theoretical foundation for understanding how compute capacity (as a proxy for automation technology) affects growth through labor share and employment channels.,Does the race framework apply to developing countries with different industrial structures?,Crossref DOI: 10.1257/aer.20160696,2026-07-04,Published version (AER 2018),needs_author,not_applicable:project_has_no_aiss,not_applicable:project_has_no_aiss,not_applicable:project_has_no_aiss,not_applicable:project_has_no_aiss,not_applicable:project_has_no_aiss,not_applicable,not_applicable:no_evidence_compile,not_applicable:no_evidence_compile,not_applicable,not_run_reason:no_evidence_table
R1,docs/research_starter_packet.md,AI算力扩张是否促进增长？自动化vs新任务渠道哪个主导？,acemoglu_2025_simple_macro_ai,"Acemoglu (2025), The Simple Macroeconomics of AI",Acemoglu D,2025,journal_article,Economic Policy,10.3386/w32487,https://academic.oup.com/economicpolicy/article-abstract/40/121/13/7728473,verified_primary,What are the aggregate macroeconomic effects of AI on productivity and growth?,Macro-level estimates based on task exposure and AI substitution elasticities,AI adoption/task automation,"TFP growth, GDP growth","Occupational task data, AI exposure estimates",Task-based macro model with AI-specific automation elasticities,N/A (macro calibration),Sensitivity to parameter assumptions,AI will increase TFP by ~0.53% over 10 years — modest macro effects. GDP effects are small relative to hype; most gains captured by capital.,abstract_only,Economic Policy abstract and NBER WP,Estimates rely on assumptions about AI substitution elasticities; does not account for new-task creation at scale,"Directly relevant: provides benchmark estimates for AI macro effects. Our study tests whether compute capacity (a real measure, not estimated AI exposure) shows different magnitudes.",Are the modest Acemoglu 2025 estimates due to underestimation of AI's new-task creation channel?,"Crossref DOI: 10.3386/w32487, Oxford EP page",2026-07-04,Published version (Economic Policy 2025),needs_author,not_applicable:project_has_no_aiss,not_applicable:project_has_no_aiss,not_applicable:project_has_no_aiss,not_applicable:project_has_no_aiss,not_applicable:project_has_no_aiss,not_applicable,not_applicable:no_evidence_compile,not_applicable:no_evidence_compile,not_applicable,not_run_reason:no_evidence_table
R1,docs/research_starter_packet.md,AI算力扩张是否促进增长？自动化vs新任务渠道哪个主导？,acemoglu_2018_ai_automation_work,"Acemoglu & Restrepo (2018), Artificial Intelligence, Automation, and Work","Acemoglu D, Restrepo P",2018,book_chapter,NBER Chapters / The Economics of AI,10.3386/w24196,https://www.nber.org/system/files/chapters/c14027/c14027.pdf,verified_primary,"How does AI affect automation and work, and what are the implications for labor markets?",Theoretical + descriptive; US labor market context,AI as automation technology,"Employment, wages, labor share, productivity",Descriptive; cites existing empirical work,Task-based framework applied to AI,N/A,N/A,AI will affect tasks differently from prior automation: it can automate both routine and non-routine cognitive tasks. The net effect depends on new task creation and productivity effects.,abstract_only,NBER chapter page,Pre-dates GPT-era AI; based on pre-2018 AI capabilities,Pre-GPT benchmark for AI+automation theory. Useful contrast with post-ChatGPT empirical findings.,How much has the ChatGPT/GPT-4 era changed the task-based predictions?,"Crossref DOI: 10.3386/w24196, NBER page",2026-07-04,NBER WP version (2018),needs_author,not_applicable:project_has_no_aiss,not_applicable:project_has_no_aiss,not_applicable:project_has_no_aiss,not_applicable:project_has_no_aiss,not_applicable:project_has_no_aiss,not_applicable,not_applicable:no_evidence_compile,not_applicable:no_evidence_compile,not_applicable,not_run_reason:no_evidence_table
R1,docs/research_starter_packet.md,AI算力扩张是否促进增长？自动化vs新任务渠道哪个主导？,restrepo_2024_automation_survey,"Restrepo (2024), Automation: Theory, Evidence, and Outlook",Restrepo P,2024,journal_article,Annual Review of Economics,10.1146/annurev-economics-090523-113355,https://www.annualreviews.org/content/journals/10.1146/annurev-economics-090523-113355,verified_primary,What does the theoretical and empirical literature say about automation's effects on labor markets and productivity?,Survey of theoretical and empirical literature,Automation technologies broadly defined,"Employment, wages, productivity, inequality",Surveys multiple datasets,Literature survey (theory + empirics),N/A (survey),N/A,Automation displaces workers but can increase productivity. The net effect depends on whether new tasks are created and whether displaced workers can transition. Evidence remains mixed on aggregate employment effects.,abstract_only,Annual Review page,Survey article; does not provide new empirical estimates,State-of-the-art survey: situates our compute→growth study within the broader automation literature. Useful for framing and reference list.,How does compute capacity (vs. robots or software) specifically fit into the automation survey's taxonomy?,Crossref DOI: 10.1146/annurev-economics-090523-113355,2026-07-04,Published version (ARE 2024),needs_author,not_applicable:project_has_no_aiss,not_applicable:project_has_no_aiss,not_applicable:project_has_no_aiss,not_applicable:project_has_no_aiss,not_applicable:project_has_no_aiss,not_applicable,not_applicable:no_evidence_compile,not_applicable:no_evidence_compile,not_applicable,not_run_reason:no_evidence_table
R1,docs/research_starter_packet.md,AI算力扩张是否促进增长？自动化vs新任务渠道哪个主导？,brynjolfsson_2017_ai_modern_productivity,"Brynjolfsson, Rock & Syverson (2017), Artificial Intelligence and the Modern Productivity Paradox","Brynjolfsson E, Rock D, Syverson C",2017,book_chapter,NBER / Economics of AI,10.3386/w24001,https://www.nber.org/papers/w24001,verified_primary,Why hasn't AI yet produced measurable productivity gains at the macro level despite rapid technological progress?,US macro and industry data,AI as general purpose technology,"Productivity, GDP growth","US BLS, BEA",Descriptive + conceptual (GPT framework),N/A,N/A,"AI faces implementation lags, complementary investment gaps, and measurement problems — similar to earlier GPTs like electricity. Productivity effects may take decades to materialize.",abstract_only,NBER WP page,"Conceptual argument, not causal empirical estimate",Classic AI-productivity-paradox paper. Our study tests whether compute capacity (measurable infrastructure) shows different timing than AI-patent or AI-exposure measures.,Does compute capacity show earlier productivity effects than AI patent/exposure measures due to being an input (not an output) measure?,Crossref DOI: 10.3386/w24001,2026-07-04,NBER WP 24001 (2017),needs_author,not_applicable:project_has_no_aiss,not_applicable:project_has_no_aiss,not_applicable:project_has_no_aiss,not_applicable:project_has_no_aiss,not_applicable:project_has_no_aiss,not_applicable,not_applicable:no_evidence_compile,not_applicable:no_evidence_compile,not_applicable,not_run_reason:no_evidence_table
R1,docs/research_starter_packet.md,AI算力扩张是否促进增长？自动化vs新任务渠道哪个主导？,gonzales_2023_ai_innovation_growth,"Gonzales (2023), Implications of AI innovation on economic growth: a panel data study",Gonzales JT,2023,journal_article,Journal of Economic Structures,10.1186/s40008-023-00307-w,https://link.springer.com/article/10.1186/s40008-023-00307-w,verified_primary,Does AI innovation (measured by patents) affect economic growth in a cross-country panel?,unclear from available source,AI patents (WIPO),Economic growth,WIPO AI patent data,unclear from available source,unclear from available source,unclear from available source,"The application of artificial intelligence (AI) across firms and industries warrants a line of research focused on determining its overall effect on economic variables. As a general-purpose technology (GPT), for example, AI helps in the production, marketing, and customer acquisition of firms, increasing their productivity and consumer reach. Aside from these, other effects of AI include enhanced quality of services, improved work accuracy and efficiency, and increased customer satisfaction. Hence, this study aims to gauge the impact of AI on the economy, specifically on long-run economic growth. This study conjectures a positive relationship between AI and economic growth. To test this hypothesis, this study makes use of a panel dataset of countries from 1970 to 2019, and the num",abstract_only,Springer page,unclear from available source,"Most directly comparable existing study: cross-country panel, AI measure → growth. Need full-text to extract methods and compare with our compute-based approach.",What is the identification strategy? FE? GMM? What controls? What countries/years?,"Crossref verified, Springer page",2026-07-04,Published version (J Econ Struct 2023),needs_author,not_applicable:project_has_no_aiss,not_applicable:project_has_no_aiss,not_applicable:project_has_no_aiss,not_applicable:project_has_no_aiss,not_applicable:project_has_no_aiss,not_applicable,not_applicable:no_evidence_compile,not_applicable:no_evidence_compile,not_applicable,not_run_reason:no_evidence_table
R1,docs/research_starter_packet.md,AI算力扩张是否促进增长？自动化vs新任务渠道哪个主导？,damioli_2021_ai_labor_productivity,"Damioli, Van Roy & Vertesy (2021), The impact of artificial intelligence on labor productivity","Damioli G, Van Roy V, Vertesy D",2021,journal_article,Eurasian Business Review,10.1007/s40821-020-00172-8,https://link.springer.com/article/10.1007/s40821-020-00172-8,verified_primary,What is the impact of AI patents on labor productivity across countries?,unclear from available source,AI patents,Labor productivity,PATSTAT AI patents,unclear from available source,unclear from available source,unclear from available source,reports positive effects of AI on labor productivity; high-citation (513) benchmark paper,abstract_only,Springer page,unclear from available source,High-citation empirical anchor: AI patents → productivity in cross-country panel. Important to compare patent-based vs. compute-based AI measures.,What panel dimensions? What identification? How does AI patent measure compare to our compute capacity measure?,"Crossref confirmed, Springer page",2026-07-04,Published version (EBR 2021),needs_author,not_applicable:project_has_no_aiss,not_applicable:project_has_no_aiss,not_applicable:project_has_no_aiss,not_applicable:project_has_no_aiss,not_applicable:project_has_no_aiss,not_applicable,not_applicable:no_evidence_compile,not_applicable:no_evidence_compile,not_applicable,not_run_reason:no_evidence_table
R1,docs/research_starter_packet.md,AI算力扩张是否促进增长？自动化vs新任务渠道哪个主导？,nguyen_2026_national_ai_strategies,"Nguyen (2026), National AI Strategies and Macroeconomic Performance: A Staggered DID Approach",Nguyen PV,2026,working_paper,SSRN,no_doi: working paper or not indexed,https://papers.ssrn.com/sol3/papers.cfm?abstract_id=6580199,secondary_only,"cross-country panel, staggered DID on national AI strategy adoption → GDP growth",unclear from available source,National AI strategy adoption,"GDP growth, macroeconomic performance","National AI strategy data, macro indicators",Staggered DID (Callaway-SantAnna / Sun-Abraham),unclear from available source,unclear from available source,"Governments worldwide have responded to the rise of artificial intelligence by publishing National AI Strategies (NAS), comprehensive policy documents that allocate public R&D funding, establish AI education programs, create governance frameworks, and signal long-term commitment to AI-driven transformation. This paper provides the first cross-country causal evaluation of these policy responses on macroeconomic outcomes. Exploiting the staggered adoption of NAS across 44 countries between 2017 and 2022 as a natural experiment, we estimate the average treatment effect on GDP per capita growth using a balanced panel spanning 2010 to 2024. Our main specification employs the Callaway and Sant’Anna (2021) doubly robust estimator, supplemented by five additional robust estimators. We find a consistent, statistically significant negative effect of NAS adoption on GDP per capita growth of approximately 0.4 to 1.0 percentage points, concentrated at three to four years post-adoption, followed",abstract_only,Crossref/OpenAlex abstract,unclear from available source,Methodologically closest to our design: staggered DID on policy intervention. Important comparator.,unclear from available source,Crossref title search,2026-07-04,as available,needs_author,not_applicable:project_has_no_aiss,not_applicable:project_has_no_aiss,not_applicable:project_has_no_aiss,not_applicable:project_has_no_aiss,not_applicable:project_has_no_aiss,not_applicable,not_applicable:no_evidence_compile,not_applicable:no_evidence_compile,not_applicable,not_run_reason:no_evidence_table
R1,docs/research_starter_packet.md,AI算力扩张是否促进增长？自动化vs新任务渠道哪个主导？,verschuere_2026_measuring_ai_productivity,"Verschuere & Cameron (2026), Measuring the Impact of AI on Productivity: Cross-Sectoral Evidence from 18 Economies Post-ChatGPT","Verschuere B, Cameron A",2026,working_paper,SSRN,no_doi: working paper or not indexed,https://papers.ssrn.com/sol3/papers.cfm?abstract_id=6663038,secondary_only,"18 economies, post-ChatGPT (2022-2024), cross-sectoral AI productivity impact",unclear from available source,AI adoption (post-ChatGPT),"Productivity (labor, TFP)","Sectoral productivity data, AI exposure",Cross-sectoral panel FE,unclear from available source,unclear from available source,"We measure the impact of artificial intelligence on aggregate productivity from observed sectoral outcomes rather than from forecasts of diffusion. Using a panel difference-in- differences specification on U.S. sectoral productivity data through 2025Q4, with AI exposure measured by the Workflow Completeness construct (C∗) of Verschuere and Cameron (2026a), we estimate that AI is contributing approximately $731 billion per year to U.S. trend productivity growth (95 percent CI [$413B, $1,048B]) across five primary sectors covering roughly 60 percent of GDP, raising aggregate growth on this base to +5.3 percent per year against a +1.3 percent counterfactual. The result is robust to every cluster-robust inference method we test and survives eight alternative- mechanism tests. Extending the methodology to eighteen additional economies, we identify positiv",abstract_only,Crossref/OpenAlex abstract,unclear from available source,Directly estimates AI productivity impact post-ChatGPT. Key empirical comparator for timing of effects.,unclear from available source,Crossref title search,2026-07-04,as available,needs_author,not_applicable:project_has_no_aiss,not_applicable:project_has_no_aiss,not_applicable:project_has_no_aiss,not_applicable:project_has_no_aiss,not_applicable:project_has_no_aiss,not_applicable,not_applicable:no_evidence_compile,not_applicable:no_evidence_compile,not_applicable,not_run_reason:no_evidence_table
R1,docs/research_starter_packet.md,AI算力扩张是否促进增长？自动化vs新任务渠道哪个主导？,georgieff_2022_ai_employment,"Georgieff & Hyee (2022), Artificial Intelligence and Employment: New Cross-Country Evidence","Georgieff A, Hyee R",2022,journal_article,Frontiers in AI,10.3389/frai.2022.832736,https://www.frontiersin.org/journals/artificial-intelligence/articles/10.3389/frai.2022.832736/full,verified_primary,"Cross-country panel, AI exposure × employment",unclear from available source,AI occupational exposure (Felten et al. AIOE),Employment by occupation,"O*NET, AIOE scores, labor force surveys",Panel FE with occupation-level AI exposure interaction,unclear from available source,unclear from available source,"Recent years have seen impressive advances in artificial intelligence (AI) and this has stoked renewed concern about the impact of technological progress on the labor market, including on worker displacement. This paper looks at the possible links between AI and employment in a cross-country context. It adapts the AI occupational impact measure developed by Felten, Raj and Seamans-an indicator measuring the degree to which occupations rely on abilities in which AI has made the most progress-and extends it to 23 OECD countries. Overall, there appears to be no clear relationship between AI exposure and employment growth. However, in occupations where computer use is high, greater exposure to AI is linked to higher employment growth. The paper also finds suggestive evidence of a negative relationship between AI exposure and growth in average hours worked among occupations where computer use is low. One possible explanation is that partial automation by AI increases productivity dir",abstract_only,Crossref/OpenAlex abstract,unclear from available source,Key empirical paper for AI employment effects. Uses AIOE scores that our R2 route also needs.,unclear from available source,Crossref API,2026-07-04,as available,needs_author,not_applicable:project_has_no_aiss,not_applicable:project_has_no_aiss,not_applicable:project_has_no_aiss,not_applicable:project_has_no_aiss,not_applicable:project_has_no_aiss,not_applicable,not_applicable:no_evidence_compile,not_applicable:no_evidence_compile,not_applicable,not_run_reason:no_evidence_table
R1,docs/research_starter_packet.md,AI算力扩张是否促进增长？自动化vs新任务渠道哪个主导？,ajuzieogu_cross_country_ai_causal,"Ajuzieogu (2025), Cross-Country Analysis of AI Adoption and Economic Growth: Causal Identification Strategies",Ajuzieogu UC,2025,working_paper,ResearchGate,no_doi: working paper or not indexed,https://www.researchgate.net/publication/392078348,secondary_only,"Cross-country panel, causal ID for AI adoption → growth",unclear from available source,AI adoption measures,Economic growth,Cross-country panel data,"Causal identification strategies (DID, IV discussion)",unclear from available source,unclear from available source,"The current study aims to uncover the important economic factors that affect how quickly countries with various income levels grow. To examine the causal and cointegration relationship, the following variables are taken: Gross Domestic Product (GDP), Gross Domestic Savings (GDS), Foreign Direct Investment (FDI), Government External Debt (ED), Personal Remittances (PR), Government Final Consumption Expenditure (GFCE), Private Final Consumption Expenditure (PFCE), Net Official Development Aid (NODA), and Consumer Price Index (CPI). The results are obtained using the ARDL Bounds Test, Engle-Granger Causality Tests, and Error Correction Models (ECM). The findings provide substantial evidence in favor of the traditional theories of economic growth, which contend that domestic savings account for a large portion of an economy's growth rate. Results from all economic classes show that saving propels the economy except in the least-developed countries, where external debt driv",abstract_only,Crossref/OpenAlex abstract,unclear from available source,Directly relevant: discusses causal methods for AI-growth question. Methodological guide.,unclear from available source,Crossref title search,2026-07-04,as available,needs_author,not_applicable:project_has_no_aiss,not_applicable:project_has_no_aiss,not_applicable:project_has_no_aiss,not_applicable:project_has_no_aiss,not_applicable:project_has_no_aiss,not_applicable,not_applicable:no_evidence_compile,not_applicable:no_evidence_compile,not_applicable,not_run_reason:no_evidence_table
R1,docs/research_starter_packet.md,AI算力扩张是否促进增长？自动化vs新任务渠道哪个主导？,zafar_2025_ai_patents_oecd,"Zafar et al. (2025), AI Patents and Economic Growth: A Growth Framework for OECD Countries","Zafar S, Ullah I, Khan KS, Khattak H",2025,journal_article,unknown,no_doi: working paper or not indexed,no_stable_url: search result only,secondary_only,"OECD countries panel, AI patents → growth",unclear from available source,AI patents (WIPO/IP5 classification),Economic growth,"WIPO patent data, OECD statistics",Panel growth regression (likely FE/GMM),unclear from available source,unclear from available source,"Artificial Intelligence has entered the mainstream, yet its contribution to the GDP of OECD countries remains largely unknown. This work focuses on the relationship between AI Innovation and GDP Growth, particularly AI Patents. In this work, three econometric techniques were employed: Fixed Effects (FE) models, FGLS-Parks regressions, and PCSC regressions. AI Patents positively correlate with growth for all models. Unemployment and government spending showed negative effects. The highly reanalysed conclusion records technological advancements of AI that were integrated into the economy. The unemployed and government spending positively correlate. Pegged to the artificial intelligence industry, the workforce offers great potential for the digital economy, growing in value to the (digitally) inclusive and sustainable (economy) of the (customer). The unemployed receive government support to promote and stimulate AI.",abstract_only,Crossref/OpenAlex abstract,unclear from available source,Recent OECD-focused study. Useful to compare patent-based measure with our compute-based measure.,unclear from available source,Crossref title search,2026-07-04,as available,needs_author,not_applicable:project_has_no_aiss,not_applicable:project_has_no_aiss,not_applicable:project_has_no_aiss,not_applicable:project_has_no_aiss,not_applicable:project_has_no_aiss,not_applicable,not_applicable:no_evidence_compile,not_applicable:no_evidence_compile,not_applicable,not_run_reason:no_evidence_table
R1,docs/research_starter_packet.md,AI算力扩张是否促进增长？自动化vs新任务渠道哪个主导？,sowa_2025_automation_ai_meta,"Sowa et al. (2025), Automation, AI, and Employment in the EU: Meta-Analysis of Macroeconomic Studies","Sowa K, Przegalinska A, et al.",2025,working_paper,SSRN,no_doi: working paper or not indexed,https://papers.ssrn.com/sol3/papers.cfm?abstract_id=6149787,secondary_only,EU-focused meta-analysis of AI-automation-employment macro studies,unclear from available source,AI and automation technologies,"Employment, labor markets",Multiple studies (meta-analysis),Meta-analysis of macro studies,unclear from available source,unclear from available source,"This paper provides a meta-analysis of macroeconomic, quantitative studies that seek to identify the causal impact of automation and artificial intelligence (AI) on employment in the European Union (EU). We contribute an EU-focused synthesis that concentrates on macro-level evidence, complementing a literature dominated by micro task-based analyses and broader cross-country discussions. Using an AI-assisted workflow for search, screening, and extraction with human oversight, we map the available evidence and report clear methodological and knowledge gaps. A central finding is that the automation and robotics literature is comparatively developed, while credible causal macro evidence on AI itself remains sparse and fragmented. We treat this scarcity as a result that motivates a concrete research agenda. Across the core empirical studies and selected grey literature, the net employment effect appears modestly positive on the order of 1.5 to 2.0 percent, but the distr",abstract_only,Crossref/OpenAlex abstract,unclear from available source,Useful for synthesis: summarizes what the literature consensus (or lack thereof) is on AI-employment effects.,unclear from available source,Crossref title search,2026-07-04,as available,needs_author,not_applicable:project_has_no_aiss,not_applicable:project_has_no_aiss,not_applicable:project_has_no_aiss,not_applicable:project_has_no_aiss,not_applicable:project_has_no_aiss,not_applicable,not_applicable:no_evidence_compile,not_applicable:no_evidence_compile,not_applicable,not_run_reason:no_evidence_table
R1,docs/research_starter_packet.md,AI算力扩张是否促进增长？自动化vs新任务渠道哪个主导？,drago_2025_ai_adoption_drivers,"Drago et al. (2025), Macroeconomic and Labor Market Drivers of AI Adoption in Europe","Drago C, Costantiello A, Savorgnan M, Leogrande A",2025,journal_article,Economies (MDPI),no_doi: working paper or not indexed,https://www.mdpi.com/2227-7099/13/8/226,secondary_only,"EU panel, ML + panel data: what drives AI adoption?",unclear from available source,Macro/labor market factors,"AI adoption (outcome, not treatment)",EU panel data,ML + panel regression,unclear from available source,unclear from available source,"This article investigates the macroeconomic and labor market conditions that shape the adoption of artificial intelligence (AI) technologies among large firms in Europe. Based on panel data econometrics and supervised machine learning techniques, we estimate how public health spending, access to credit, export activity, gross capital formation, inflation, openness to trade, and labor market structure influence the share of firms that adopt at least one AI technology. The research covers all 28 EU members between 2018 and 2023. We employ a set of robustness checks using a combination of fixed-effects, random-effects, and dynamic panel data specifications supported by Clustering and supervised learning techniques. We find that AI adoption is linked to higher GDP per capita, healthcare spending, inflation, and openness to trade but lower levels of credit, exports, and capital formation. Labor markets with higher proportions of salaried work, service occupations, and self-employment are li",abstract_only,Crossref/OpenAlex abstract,unclear from available source,Reverse question (what drives AI adoption). Useful for thinking about endogeneity of our compute treatment.,unclear from available source,Crossref title search,2026-07-04,as available,needs_author,not_applicable:project_has_no_aiss,not_applicable:project_has_no_aiss,not_applicable:project_has_no_aiss,not_applicable:project_has_no_aiss,not_applicable:project_has_no_aiss,not_applicable,not_applicable:no_evidence_compile,not_applicable:no_evidence_compile,not_applicable,not_run_reason:no_evidence_table
R1,docs/research_starter_packet.md,AI算力扩张是否促进增长？自动化vs新任务渠道哪个主导？,magoutas_2024_digital_growth,"Magoutas et al. (2024), Digital Progression and Economic Growth: ICT Impact on EU GDP","Magoutas AI, Chaideftou M, Skandali D, Chountalas PT",2024,journal_article,Journal of Risk and Financial Management,no_doi: working paper or not indexed,https://www.mdpi.com/2227-7099/12/3/63,secondary_only,"EU panel, ICT advancement → GDP growth",unclear from available source,Digital/ICT indicators,GDP growth,"Eurostat, EU databases",Panel regression,unclear from available source,unclear from available source,"This research thoroughly examines the dynamic relationship between the European Union’s economic growth and rapid advancements in Information and Communication Technology (ICT). Specifically, it assesses how certain ICT indicators are associated with significant economic growth. Utilizing an extensive dataset from the Digital Economy and Society Index 2022 (DESI), the Statistical Office of the European Union (EUROSTAT), and the Organisation for Economic Co-operation and Development (OECD), this study encompasses data from all 27 European Union member states. Employing structural equation modelling, our analysis illustrates the positive correlation between ICT development and the Gross Domestic Product (GDP) index. Our findings highlight the critical role of swiftly evolving technological landscapes, emphasizing the growing influence of new Artificial Intelligence (AI) technologies in business sectors. Furthermore, this study showcases the need to enhance human capital and expedite the",abstract_only,Crossref/OpenAlex abstract,unclear from available source,Measurement reference: how to construct digital technology indices from multiple indicators.,unclear from available source,Crossref title search,2026-07-04,as available,needs_author,not_applicable:project_has_no_aiss,not_applicable:project_has_no_aiss,not_applicable:project_has_no_aiss,not_applicable:project_has_no_aiss,not_applicable:project_has_no_aiss,not_applicable,not_applicable:no_evidence_compile,not_applicable:no_evidence_compile,not_applicable,not_run_reason:no_evidence_table
R1,docs/research_starter_packet.md,AI算力扩张是否促进增长？自动化vs新任务渠道哪个主导？,fruits_2026_ai_productivity_review,"Fruits & Stout (2026), AI, Productivity, and Labor Markets: A Review of the Empirical Evidence","Fruits E, Stout K",2026,working_paper,SSRN,no_doi: working paper or not indexed,https://papers.ssrn.com/sol3/papers.cfm?abstract_id=6323960,secondary_only,Literature review: AI → productivity and labor market effects,unclear from available source,AI technologies broadly,"Productivity, employment, wages",Multiple studies (survey),Literature survey,unclear from available source,unclear from available source,"This issue brief reviews the empirical literature regarding the economic impact of generative AI through 2025. The authors discuss the “jagged frontier” of performance: while AI significantly boosts productivity in specific tasks like coding, writing, and customer service—often by 15% to 50%—these gains are most pronounced for lower-skilled workers, leading to “skill compression.” Despite fears of mass unemployment, aggregate data show limited labor-market disruption. Instead of widespread job loss, the evidence suggests a shift in “entry-level” roles, where AI automates tasks typically assigned to junior staff. Macroeconomic growth remains difficult to measure due to the “productivity J-curve,” in which firms must first invest in organizational changes before realizing financial gains. The authors conclude that because AI lowers entry costs for startups, policymakers should favor “strategic forbearance”—applying existing laws rather than creating new",abstract_only,Crossref/OpenAlex abstract,unclear from available source,2026 survey paper. Useful for framing and identifying gaps our study fills.,unclear from available source,Crossref title search,2026-07-04,as available,needs_author,not_applicable:project_has_no_aiss,not_applicable:project_has_no_aiss,not_applicable:project_has_no_aiss,not_applicable:project_has_no_aiss,not_applicable:project_has_no_aiss,not_applicable,not_applicable:no_evidence_compile,not_applicable:no_evidence_compile,not_applicable,not_run_reason:no_evidence_table
R1,docs/research_starter_packet.md,AI算力扩张是否促进增长？自动化vs新任务渠道哪个主导？,acemoglu_2020_competing_robots_france,"Acemoglu, Lelarge & Restrepo (2020), Competing with Robots: Firm-Level Evidence from France","Acemoglu D, Lelarge C, Restrepo P",2020,journal_article,AEA Papers & Proceedings,10.1257/pandp.20201003,https://www.aeaweb.org/articles?id=10.1257/pandp.20201003,verified_primary,"French firm-level: robot adoption → employment, labor share, productivity",unclear from available source,Industrial robot adoption,"Employment, labor share, value added",French firm-level data,Firm-level panel with robot adoption,unclear from available source,unclear from available source,"We study the firm-level implications of robot adoption in France. Of 55,390 firms in our sample, 598 adopted robots between 2010 and 2015, but these firms accounted for 20 percent of manufacturing employment. Adopters experienced significant declines in labor shares, the share of production workers in employment, and increases in value added and productivity. They expand their overall employment as well. However, this expansion comes at the expense of competitors, leading to an overall negative association between adoption and employment. Robot adoption has a large impact on the labor share because adopters are larger and grow faster than their competitors.",abstract_only,Crossref/OpenAlex abstract,unclear from available source,Key empirical evidence for displacement effect of automation at micro level. Supports the task model predictions.,unclear from available source,Crossref API,2026-07-04,as available,needs_author,not_applicable:project_has_no_aiss,not_applicable:project_has_no_aiss,not_applicable:project_has_no_aiss,not_applicable:project_has_no_aiss,not_applicable:project_has_no_aiss,not_applicable,not_applicable:no_evidence_compile,not_applicable:no_evidence_compile,not_applicable,not_run_reason:no_evidence_table
R1,docs/research_starter_packet.md,AI算力扩张是否促进增长？自动化vs新任务渠道哪个主导？,acemoglu_2018_low_high_skill_automation,"Acemoglu & Restrepo (2018), Low-Skill and High-Skill Automation","Acemoglu D, Restrepo P",2018,journal_article,Journal of Human Capital,10.1086/697242,https://www.journals.uchicago.edu/doi/abs/10.1086/697242,verified_primary,Theoretical: heterogeneous effects of automation by skill level,unclear from available source,Low-skill vs high-skill automation,"Employment, wages, inequality",N/A (theoretical),Task-based model with skill heterogeneity,unclear from available source,unclear from available source,"We present a task-based model in which high- and low-skill workers compete against machines in the production of tasks. Low-skill (high-skill) automation corresponds to tasks performed by low-skill (high-skill) labor being taken over by capital. Automation displaces the type of labor it directly affects, depressing its wage. Through ripple effects, automation also affects the real wage of other workers. Counteracting these forces, automation creates a positive productivity effect, pushing up the price of all factors. Because capital adjusts to keep the interest rate constant, the productivity effect dominates in the long run. Finally, low-skill (high-skill) automation increases (reduces) wage inequality.",abstract_only,Crossref/OpenAlex abstract,unclear from available source,Important for our channel decomposition: automation effects differ by task/skill type.,unclear from available source,Crossref API,2026-07-04,as available,needs_author,not_applicable:project_has_no_aiss,not_applicable:project_has_no_aiss,not_applicable:project_has_no_aiss,not_applicable:project_has_no_aiss,not_applicable:project_has_no_aiss,not_applicable,not_applicable:no_evidence_compile,not_applicable:no_evidence_compile,not_applicable,not_run_reason:no_evidence_table
R1,docs/research_starter_packet.md,AI算力扩张是否促进增长？自动化vs新任务渠道哪个主导？,caiyuezhou_2019_ai_high_quality_growth,"Cai & Chen (2019), AI and High-Quality Growth, High-Quality Employment [新技术革命下人工智能与高质量增长、高质量就业]","Cai Yuezhuo, Chen Nan",2019,journal_article,数量经济技术经济研究,no_doi: working paper or not indexed,no_stable_url: search result only,secondary_only,Chinese context: AI and high-quality growth/employment,unclear from available source,AI technologies,"High-quality growth, employment",Chinese data,Theoretical + empirical,unclear from available source,unclear from available source,在当今信息化时代，人工智能技术正以前所未有的速度推动着各行各业的发展，职业教育作为培养技术技能型人才的重要途径，其高质量发展同样离不开人工智能的赋能。基于此，本文旨在探讨在教育资源整合、教育工具革新及在教育评价完善上，人工智能与教育的融合及对教育高质量发展的促进。,abstract_only,Crossref/OpenAlex abstract,unclear from available source,Chinese core journal. Key Chinese-language reference for AI-growth link.,unclear from available source,Crossref title search,2026-07-04,as available,needs_author,not_applicable:project_has_no_aiss,not_applicable:project_has_no_aiss,not_applicable:project_has_no_aiss,not_applicable:project_has_no_aiss,not_applicable:project_has_no_aiss,not_applicable,not_applicable:no_evidence_compile,not_applicable:no_evidence_compile,not_applicable,not_run_reason:no_evidence_table
